t_s,poolPct
0.1,31.4
0.2,0.0
0.3,0.0
0.4,0.0
0.5,0.0
0.6,172.3
0.7,331.6
0.8,356.1
0.9,261.4
1.0,134.1
1.1,25.6
1.2,0.0
1.3,0.0
1.4,0.0
1.5,0.0
1.6,249.8
1.7,419.0
1.8,387.2
1.9,244.4
2.0,190.4
2.1,17.7
2.2,147.8
2.3,0.0
2.4,0.0
2.5,0.0
2.6,99.9
2.7,312.1
2.8,398.4
2.9,343.4
3.0,193.9
3.1,42.8
3.2,0.0
3.3,0.0
3.4,0.0
3.5,0.0
3.6,0.0
3.7,406.9
3.8,410.3
3.9,323.9
4.0,201.1
4.1,74.1
4.2,5.5
4.3,142.6
4.4,204.5
4.5,169.5
4.6,107.8
4.7,181.0
4.8,403.3
4.9,354.1
5.0,261.8
5.1,127.1
5.2,17.0
5.3,87.3
5.4,187.5
5.5,171.8
5.6,111.8
5.7,177.6
5.8,322.9
5.9,389.0
6.0,317.1
6.1,158.6
6.2,45.2
6.3,50.3
6.4,164.5
6.5,169.4
6.6,120.9
6.7,110.0
6.8,230.3
6.9,356.8
7.0,332.4
7.1,224.8
7.2,84.3
7.3,46.7
7.4,151.4
7.5,188.0
7.6,126.6
7.7,122.7
7.8,223.9
7.9,384.9
8.0,349.5
8.1,242.4
8.2,117.0
8.3,33.3
8.4,131.2
8.5,193.7
8.6,156.8
8.7,82.3
8.8,180.5
8.9,347.2
9.0,376.1
9.1,276.0
9.2,129.1
9.3,2.2
9.4,54.9
9.5,194.3
9.6,175.4
9.7,130.2
9.8,161.4
9.9,360.3
10.0,364.8
10.1,333.6
10.2,155.2
10.3,36.4
10.4,46.4
10.5,154.1
10.6,171.7
10.7,106.9
10.8,144.1
10.9,262.8
11.0,410.7
11.1,387.0
11.2,191.9
11.3,46.3
11.4,9.4
11.5,122.6
11.6,195.3
11.7,155.7
11.8,76.6
11.9,223.6
12.0,422.1
12.1,313.8
12.2,268.1
12.3,134.7
12.4,0.0
12.5,36.8
12.6,141.0
12.7,175.8
12.8,112.9
12.9,149.6
13.0,297.9
13.1,376.1
13.2,301.2
13.3,189.0
13.4,63.2
13.5,27.5
13.6,162.0
13.7,188.7
13.8,108.7
13.9,168.6
14.0,210.7
14.1,346.4
14.2,320.7
14.3,188.0
14.4,49.2
14.5,10.8
14.6,143.6
14.7,189.7
14.8,160.3
14.9,83.3
15.0,293.7
15.1,350.5
15.2,336.6
15.3,232.3
15.4,116.3
15.5,0.0
15.6,106.3
15.7,134.5
15.8,135.1
15.9,106.4
16.0,169.3
16.1,429.9
16.2,391.6
16.3,282.9
16.4,139.1
16.5,42.3
16.6,14.0
16.7,199.8
16.8,203.2
16.9,126.7
17.0,173.4
17.1,246.3
17.2,413.9
17.3,302.3
17.4,204.6
17.5,69.0
17.6,0.0
17.7,132.2
17.8,198.0
17.9,168.0
18.0,151.8
18.1,154.5
18.2,379.7
18.3,342.6
18.4,241.6
18.5,134.0
18.6,35.1
18.7,58.6
18.8,187.9
18.9,160.7
19.0,105.0
19.1,120.0
19.2,299.2
19.3,362.6
19.4,367.0
19.5,151.9
19.6,77.7
19.7,54.7
19.8,190.3
19.9,158.1
20.0,106.5
20.1,37.4
20.2,164.7
20.3,336.1
20.4,314.0
20.5,227.5
20.6,99.2
20.7,78.0
20.8,149.8
20.9,192.2
21.0,124.5
21.1,80.7
21.2,152.6
21.3,202.1
21.4,368.1
21.5,350.9
21.6,153.0
21.7,53.6
21.8,96.2
21.9,188.5
22.0,167.9
22.1,115.9
22.2,112.8
22.3,324.3
22.4,381.4
22.5,327.9
22.6,201.4
22.7,68.1
22.8,49.3
22.9,162.7
23.0,179.4
23.1,131.3
23.2,50.0
23.3,214.7
23.4,324.0
23.5,346.8
23.6,280.4
23.7,136.4
23.8,27.9
23.9,227.1
24.0,182.5
24.1,116.1
24.2,71.5
24.3,27.3
24.4,242.2
24.5,390.6
24.6,401.9
24.7,206.0
24.8,60.9
24.9,96.8
25.0,192.3
25.1,156.1
25.2,69.6
25.3,0.0
25.4,205.9
25.5,447.5
25.6,364.9
25.7,260.8
25.8,142.8
25.9,26.6
26.0,172.6
26.1,174.9
26.2,106.6
26.3,96.4
26.4,229.4
26.5,374.3
26.6,335.3
26.7,252.0
26.8,101.2
26.9,5.5
27.0,158.4
27.1,193.5
27.2,135.7
27.3,81.3
27.4,9.1
27.5,341.5
27.6,367.2
27.7,359.3
27.8,228.3
27.9,61.2
28.0,89.8
28.1,194.4
28.2,188.5
28.3,91.1
28.4,47.6
28.5,160.3
28.6,412.7
28.7,379.8
28.8,294.1
28.9,143.6
29.0,34.2
29.1,152.6
29.2,165.5
29.3,138.4
29.4,71.8
29.5,152.7
29.6,341.3
29.7,376.4
29.8,324.7
29.9,145.7
30.0,18.5
30.1,134.2
30.2,235.5
30.3,156.7
30.4,106.7
30.5,23.2
30.6,313.9
30.7,414.3
30.8,365.0
30.9,186.0
31.0,111.3
31.1,72.9
31.2,207.7
31.3,182.0
31.4,82.5
31.5,96.2
31.6,173.2
31.7,362.7
31.8,377.6
31.9,207.6
32.0,159.3
32.1,28.1
32.2,184.7
32.3,163.7
32.4,124.1
32.5,77.5
32.6,72.0
32.7,344.9
32.8,370.4
32.9,303.8
33.0,196.4
33.1,64.3
33.2,126.9
33.3,179.5
33.4,161.2
33.5,85.9
33.6,32.2
33.7,278.1
33.8,406.8
33.9,322.7
34.0,228.6
34.1,84.5
34.2,78.1
34.3,145.4
34.4,144.7
34.5,90.0
34.6,18.0
34.7,91.9
34.8,363.9
34.9,382.1
35.0,306.6
35.1,201.9
35.2,55.1
35.3,199.5
35.4,175.2
35.5,169.5
35.6,85.6
35.7,39.1
35.8,224.4
35.9,415.9
36.0,364.3
36.1,177.4
36.2,110.4
36.3,51.8
36.4,173.8
36.5,169.2
36.6,116.1
36.7,48.1
36.8,189.0
36.9,380.2
37.0,366.6
37.1,271.3
37.2,121.4
37.3,85.3
37.4,170.4
37.5,185.0
37.6,117.4
37.7,43.8
37.8,162.1
37.9,280.5
38.0,397.2
38.1,285.3
38.2,193.6
38.3,16.7
38.4,118.6
38.5,183.4
38.6,161.3
38.7,86.5
38.8,66.0
38.9,257.5
39.0,393.5
39.1,333.7
39.2,232.4
39.3,88.9
39.4,166.5
39.5,236.1
39.6,142.7
39.7,74.3
39.8,75.7
39.9,237.0
40.0,414.4
40.1,348.5
40.2,217.7
40.3,76.5
40.4,90.8
40.5,214.3
40.6,176.0
40.7,84.3
40.8,38.9
40.9,128.9
41.0,326.7
41.1,345.7
41.2,300.9
41.3,132.8
41.4,71.7
41.5,136.3
41.6,163.6
41.7,114.3
41.8,37.1
41.9,187.6
42.0,280.1
42.1,372.8
42.2,300.5
42.3,174.2
42.4,82.0
42.5,197.1
42.6,186.7
42.7,154.8
42.8,71.8
42.9,63.2
43.0,283.3
43.1,369.5
43.2,356.3
43.3,193.3
43.4,79.9
43.5,45.9
43.6,199.5
43.7,178.3
43.8,97.3
43.9,29.9
44.0,92.7
44.1,354.8
44.2,381.4
44.3,267.8
44.4,170.3
44.5,92.5
44.6,179.9
44.7,206.1
44.8,114.3
44.9,56.5
45.0,52.3
45.1,290.8
45.2,411.2
45.3,308.0
45.4,200.0
45.5,46.2
45.6,195.1
45.7,221.9
45.8,140.8
45.9,73.0
46.0,24.3
46.1,200.3
46.2,320.6
46.3,328.9
46.4,259.3
46.5,125.2
46.6,111.2
46.7,201.7
46.8,158.6
46.9,97.0
47.0,15.1
47.1,26.8
47.2,446.5
47.3,396.7
47.4,292.1
47.5,160.7
47.6,108.3
47.7,179.7
47.8,175.8
47.9,118.6
48.0,47.9
48.1,67.9
48.2,276.8
48.3,380.8
48.4,336.5
48.5,181.1
48.6,96.1
48.7,124.6
48.8,192.4
48.9,139.7
49.0,56.3
49.1,65.2
49.2,253.0
49.3,388.5
49.4,348.4
49.5,225.1
49.6,90.0
49.7,139.3
49.8,182.5
49.9,158.1
50.0,81.2
50.1,31.1
50.2,164.5
50.3,360.4
50.4,377.9
50.5,239.6
50.6,117.8
50.7,146.9
50.8,162.6
50.9,131.5
51.0,103.5
51.1,21.3
51.2,138.7
51.3,277.1
51.4,380.9
51.5,307.5
51.6,168.9
51.7,116.2
51.8,187.9
51.9,172.7
52.0,106.5
52.1,34.2
52.2,101.9
52.3,268.2
52.4,268.2
52.5,299.2
52.6,238.6
52.7,165.4
52.8,169.4
52.9,201.9
53.0,150.7
53.1,72.3
53.2,17.3
53.3,203.6
53.4,385.7
53.5,381.4
53.6,250.4
53.7,106.7
53.8,143.4
53.9,189.8
54.0,140.1
54.1,64.0
54.2,9.8
54.3,203.6
54.4,265.4
54.5,375.3
54.6,283.0
54.7,174.7
54.8,157.4
54.9,154.6
55.0,114.9
55.1,77.4
55.2,69.9
55.3,151.8
55.4,235.9
55.5,385.3
55.6,258.6
55.7,158.8
55.8,115.5
55.9,134.4
56.0,188.6
56.1,112.6
56.2,54.5
56.3,37.7
56.4,269.3
56.5,334.7
56.6,364.0
56.7,223.0
56.8,71.8
56.9,167.7
57.0,185.4
57.1,124.9
57.2,69.4
57.3,20.0
57.4,290.7
57.5,290.7
57.6,290.7
57.7,237.6
57.8,182.9
57.9,165.2
58.0,170.5
58.1,177.8
58.2,88.7
58.3,49.6
58.4,0.0
58.5,310.0
58.6,369.0
58.7,258.3
58.8,238.7
58.9,163.2
59.0,142.7
59.1,182.4
59.2,134.0
59.3,75.2
59.4,1.5
59.5,234.3
59.6,328.1
59.7,377.4
59.8,271.1
59.9,131.3
60.0,87.8
60.1,81.3
60.2,96.9
60.3,168.2
60.4,131.6
60.5,243.8
60.6,342.8
60.7,342.8
60.8,280.9
60.9,211.9
61.0,114.6
61.1,186.9
61.2,147.9
61.3,70.7
61.4,40.0
61.5,66.9
61.6,242.8
61.7,403.5
61.8,333.7
61.9,211.5
62.0,113.8
62.1,170.3
62.2,197.6
62.3,94.0
62.4,41.0
62.5,32.2
62.6,268.5
62.7,368.2
62.8,322.5
62.9,227.9
63.0,136.9
63.1,163.4
63.2,183.0
63.3,119.8
63.4,73.5
63.5,10.3
63.6,0.0
63.7,364.7
63.8,348.7
63.9,309.8
64.0,213.6
64.1,164.1
64.2,198.3
64.3,157.0
64.4,87.5
64.5,0.0
64.6,29.0
64.7,249.3
64.8,397.4
64.9,388.7
65.0,193.8
65.1,165.5
65.2,183.8
65.3,137.0
65.4,92.0
65.5,38.4
65.6,10.4
65.7,160.0
65.8,378.2
65.9,382.6
66.0,252.0
66.1,119.4
66.2,177.7
66.3,194.5
66.4,125.0
66.5,60.4
66.6,177.3
66.7,246.1
66.8,246.1
66.9,246.1
67.0,218.8
67.1,177.0
67.2,123.6
67.3,197.8
67.4,149.8
67.5,80.5
67.6,11.2
67.7,99.7
67.8,353.1
67.9,367.2
68.0,308.5
68.1,177.9
68.2,134.0
68.3,179.0
68.4,157.8
68.5,79.7
68.6,33.6
68.7,98.0
68.8,290.2
68.9,395.6
69.0,301.0
69.1,210.0
69.2,131.6
69.3,163.9
69.4,191.2
69.5,100.8
69.6,48.1
69.7,7.2
69.8,295.1
69.9,372.0
70.0,326.3
70.1,215.7
70.2,56.6
70.3,144.1
70.4,192.7
70.5,152.0
70.6,89.5
70.7,97.8
70.8,180.3
70.9,318.2
71.0,368.9
71.1,245.4
71.2,148.5
71.3,94.9
71.4,184.7
71.5,142.4
71.6,96.7
71.7,12.7
71.8,149.5
71.9,282.3
72.0,371.3
72.1,266.0
72.2,142.1
72.3,90.6
72.4,169.9
72.5,201.3
72.6,113.4
72.7,45.8
72.8,176.8
72.9,300.4
73.0,340.0
73.1,312.5
73.2,200.9
73.3,74.9
73.4,86.1
73.5,161.8
73.6,135.2
73.7,80.6
73.8,166.4
73.9,244.2
74.0,365.2
74.1,347.9
74.2,164.5
74.3,53.5
74.4,86.0
74.5,167.9
74.6,157.4
74.7,108.9
74.8,79.1
74.9,283.6
75.0,386.5
75.1,330.9
75.2,203.2
75.3,90.9
75.4,15.8
75.5,175.1
75.6,172.4
75.7,123.7
75.8,43.3
75.9,282.1
76.0,289.0
76.1,387.3
76.2,232.5
76.3,94.8
76.4,70.0
76.5,128.5
76.6,190.0
76.7,137.2
76.8,110.4
76.9,229.8
77.0,229.8
77.1,278.0
77.2,304.1
77.3,195.8
77.4,25.3
77.5,148.5
77.6,204.5
77.7,103.0
77.8,76.1
77.9,18.6
78.0,190.2
78.1,334.9
78.2,356.6
78.3,259.5
78.4,142.8
78.5,172.4
78.6,222.3
78.7,154.2
78.8,90.5
78.9,29.6
79.0,236.3
79.1,397.8
79.2,404.7
79.3,243.7
79.4,130.3
79.5,81.8
79.6,189.3
79.7,168.0
79.8,76.0
79.9,54.8
80.0,196.7
80.1,332.7
80.2,370.5
80.3,269.0
80.4,120.7
80.5,68.3
80.6,133.4
80.7,197.4
80.8,174.2
80.9,76.2
81.0,96.8
81.1,377.8
81.2,385.2
81.3,339.5
81.4,193.7
81.5,29.1
81.6,166.9
81.7,185.5
81.8,145.4
81.9,87.5
82.0,175.3
82.1,376.8
82.2,383.8
82.3,303.4
82.4,152.9
82.5,38.0
82.6,101.9
82.7,210.1
82.8,164.4
82.9,119.3
83.0,116.4
83.1,247.4
83.2,389.6
83.3,325.2
83.4,228.7
83.5,191.9
83.6,25.4
83.7,101.2
83.8,203.0
83.9,187.1
84.0,143.3
84.1,362.6
84.2,398.8
84.3,363.1
84.4,219.8
84.5,169.7
84.6,12.4
84.7,61.3
84.8,232.3
84.9,182.6
85.0,215.1
85.1,361.4
85.2,367.9
85.3,378.3
85.4,216.2
85.5,155.7
85.6,16.7
85.7,0.0
85.8,187.5
85.9,203.1
86.0,181.2
86.1,357.5
86.2,407.5
86.3,342.1
86.4,215.2
86.5,137.1
86.6,0.0
86.7,4.9
86.8,66.6
86.9,201.0
87.0,192.3
87.1,236.3
87.2,375.4
87.3,366.2
87.4,223.7
87.5,144.5
87.6,32.9
87.7,0.0
87.8,114.8
87.9,220.8
88.0,238.2
88.1,308.3
88.2,345.7
88.3,403.0
88.4,300.2
88.5,142.5
88.6,35.9
88.7,0.0
88.8,132.6
88.9,174.5
89.0,176.7
89.1,291.1
89.2,327.2
89.3,385.8
89.4,306.0
89.5,178.0
89.6,75.0
89.7,0.0
89.8,41.1
89.9,137.3
90.0,194.2
90.1,221.2
90.2,289.9
90.3,306.7
90.4,293.0
90.5,190.5
90.6,80.7
90.7,11.0
90.8,11.1
90.9,149.6
91.0,201.6
91.1,235.0
91.2,351.8
91.3,374.9
91.4,314.0
91.5,219.2
91.6,104.5
91.7,7.0
91.8,0.0
91.9,143.8
92.0,203.0
92.1,185.4
92.2,335.8
92.3,370.4
92.4,383.5
92.5,190.4
92.6,109.5
92.7,0.0
92.8,19.1
92.9,106.9
93.0,187.1
93.1,153.3
93.2,235.4
93.3,414.3
93.4,372.0
93.5,314.9
93.6,208.3
93.7,19.9
93.8,6.7
93.9,89.8
94.0,196.0
94.1,137.1
94.2,153.0
94.3,424.2
94.4,388.7
94.5,314.9
94.6,179.5
94.7,110.0
94.8,32.2
94.9,145.3
95.0,191.9
95.1,145.9
95.2,143.1
95.3,229.6
95.4,388.6
95.5,366.9
95.6,259.1
95.7,122.3
95.8,21.9
95.9,49.3
96.0,174.4
96.1,153.7
96.2,104.9
96.3,134.5
96.4,334.5
96.5,388.5
96.6,335.4
96.7,222.0
96.8,50.0
96.9,93.3
97.0,159.4
97.1,174.3
97.2,130.6
97.3,179.4
97.4,312.5
97.5,294.3
97.6,297.3
97.7,191.0
97.8,15.3
97.9,2.2
98.0,122.8
98.1,189.5
98.2,144.3
98.3,142.3
98.4,283.2
98.5,387.4
98.6,287.1
98.7,184.4
98.8,55.7
98.9,4.3
99.0,68.6
99.1,190.4
99.2,156.0
99.3,126.8
99.4,266.4
99.5,386.3
99.6,321.5
99.7,201.8
99.8,74.8
99.9,0.0
100.0,84.3
100.1,208.6
100.2,163.5
100.3,103.4
100.4,229.3
100.5,364.5
100.6,298.1
100.7,224.4
100.8,105.3
100.9,0.0
101.0,75.0
101.1,173.3
101.2,163.1
101.3,195.3
101.4,246.4
101.5,246.4
101.6,288.8
101.7,285.5
101.8,123.1
101.9,0.0
102.0,12.5
102.1,96.5
102.2,168.2
102.3,113.4
102.4,206.5
102.5,341.4
102.6,352.3
102.7,267.8
102.8,97.7
102.9,0.0
103.0,0.0
103.1,44.4
103.2,163.8
103.3,184.8
103.4,203.1
103.5,300.4
103.6,398.1
103.7,239.4
103.8,75.5
103.9,0.0
104.0,0.0
104.1,24.2
104.2,137.1
104.3,167.9
104.4,136.9
104.5,250.7
104.6,368.0
104.7,349.7
104.8,238.7
104.9,76.9
105.0,10.4
105.1,5.3
105.2,189.5
105.3,176.9
105.4,122.0
105.5,194.4
105.6,304.4
105.7,416.2
105.8,256.5
105.9,168.1
106.0,0.0
106.1,4.3
106.2,65.2
106.3,184.4
106.4,164.3
106.5,150.8
106.6,295.7
106.7,369.1
106.8,315.1
106.9,147.4
107.0,38.2
107.1,0.0
107.2,75.8
107.3,183.9
107.4,159.8
107.5,83.5
107.6,252.4
107.7,370.6
107.8,337.5
107.9,212.2
108.0,43.0
108.1,0.0
108.2,21.2
108.3,161.8
108.4,178.1
108.5,127.2
108.6,221.1
108.7,372.1
108.8,355.6
108.9,224.5
109.0,57.1
109.1,0.0
109.2,13.0
109.3,157.9
109.4,172.9
109.5,74.4
109.6,288.8
109.7,381.1
109.8,296.5
109.9,138.5
110.0,23.8
110.1,0.0
110.2,7.1
110.3,109.4
110.4,182.4
110.5,121.1
110.6,160.1
110.7,288.1
110.8,400.1
110.9,228.7
111.0,139.6
111.1,4.0
111.2,17.0
111.3,176.7
111.4,190.7
111.5,120.6
111.6,100.9
111.7,244.8
111.8,385.5
111.9,304.4
112.0,145.6
112.1,32.6
112.2,0.0
112.3,51.0
112.4,143.5
112.5,180.7
112.6,114.8
112.7,276.6
112.8,382.1
112.9,318.1
113.0,200.5
113.1,51.6
113.2,0.0
113.3,18.5
113.4,112.4
113.5,192.2
113.6,136.1
113.7,190.7
113.8,342.2
113.9,355.0
114.0,239.7
114.1,84.9
114.2,0.0
114.3,0.0
114.4,134.0
114.5,206.2
114.6,126.0
114.7,31.9
114.8,367.2
114.9,423.5
115.0,284.1
115.1,136.5
115.2,24.9
115.3,0.0
115.4,163.3
115.5,188.6
115.6,149.4
115.7,95.9
115.8,386.3
115.9,383.8
116.0,268.0
116.1,156.9
116.2,4.6
116.3,0.0
116.4,10.5
116.5,156.2
116.6,180.9
116.7,105.8
116.8,205.5
116.9,394.9
117.0,330.3
117.1,164.7
117.2,45.1
117.3,0.0
117.4,14.8
117.5,117.3
117.6,162.5
117.7,102.7
117.8,239.1
117.9,333.1
118.0,332.0
118.1,257.9
118.2,101.8
118.3,10.8
118.4,0.0
118.5,96.5
118.6,190.5
118.7,168.3
118.8,117.1
118.9,300.7
119.0,395.0
119.1,320.4
119.2,145.9
119.3,31.4
119.4,0.0
119.5,81.7
119.6,199.5
119.7,161.2
119.8,85.1
119.9,330.5
120.0,409.9
120.1,316.6
120.2,166.9
120.3,45.5
120.4,0.0
120.5,99.2
120.6,194.3
120.7,141.3
120.8,57.9
120.9,208.8
121.0,359.4
121.1,346.4
121.2,246.5
121.3,80.5
121.4,0.0
121.5,50.6
121.6,138.2
121.7,188.1
121.8,129.7
121.9,163.7
122.0,386.7
122.1,406.6
